Марка;Ссылка;Цена в $;Цена в UAH;Город
Renault Megane New 1.5D МТ (110 л.с.)2020;https://auto.ria.com/newauto/auto-renault-megane-1834083.html;22 441;619 329 грн;Житомир
Renault Megane Scenic MAXIMAL BEZ DTP2004;https://auto.ria.com/auto_renault_megane_scenic_27609448.html;4 550;125 580 грн;Днепр (Днепропетровск)
Renault Megane2012;https://auto.ria.com/auto_renault_megane_27073199.html;9 000;249 120 грн;Хмельницкий
Renault Megane 81 kwt2012;https://auto.ria.com/auto_renault_megane_27570866.html;8 550;236 237 грн;Луцк
Renault Megane2010;https://auto.ria.com/auto_renault_megane_27560764.html;7 149;197 670 грн;Ровно
Renault Megane New 1.6 МТ (115 л.с.)2020;https://auto.ria.com/newauto/auto-renault-megane-1844459.html;18 258;503 900 грн;Одесса
Renault Grand Scenic SUPER STAN2010;https://auto.ria.com/auto_renault_grand_scenic_27612472.html;6 950;192 098 грн;Тернополь
Renault Grand Scenic2007;https://auto.ria.com/auto_renault_grand_scenic_27625168.html;6 200;171 368 грн;Казатин
Renault Grand Scenic2014;https://auto.ria.com/auto_renault_grand_scenic_27635073.html;12 500;345 500 грн;Винница
Renault Grand Scenic2011;https://auto.ria.com/auto_renault_grand_scenic_26202096.html;8 600;237 618 грн;Киев
Renault Master груз. 165hs Sparka Clima2016;https://auto.ria.com/auto_renault_master_gruz_27630610.html;18 500;510 600 грн;Дубно
Renault Megane 1.6 benzine2012;https://auto.ria.com/auto_renault_megane_27608263.html;7 777;214 723 грн;Ровно
Renault Megane New 1.5D AТ (110 л.с.)2020;https://auto.ria.com/newauto/auto-renault-megane-1836470.html;25 244;696 700 грн;Черкассы
Renault Megane2009;https://auto.ria.com/auto_renault_megane_27619198.html;7 000;193 200 грн;Ковель
Renault Megane New 1.5D AТ (110 л.с.)2020;https://auto.ria.com/newauto/auto-renault-megane-1843697.html;26 607;734 317 грн;Кропивницкий (Кировоград)
Renault Kangoo пасс. LONG MAXI  6 ST 81kV2018;https://auto.ria.com/auto_renault_kangoo_pass_27603900.html;10 399;287 116 грн;Днепр (Днепропетровск)
Renault Lodgy 1.5D МТ (90 л.с.) 7s2020;https://auto.ria.com/newauto/auto-renault-lodgy-1844405.html;18 881;521 071 грн;Одесса
Renault Kangoo пасс.2007;https://auto.ria.com/auto_renault_kangoo_pass_25254525.html;4 600;126 960 грн;Запорожье
Renault Laguna2001;https://auto.ria.com/auto_renault_laguna_27638189.html;4 200;115 920 грн;Бережаны
Renault Kangoo пасс.2008;https://auto.ria.com/auto_renault_kangoo_pass_27631852.html;7 050;194 580 грн;Житомир
Renault Megane BOSE2013;https://auto.ria.com/auto_renault_megane_27564543.html;9 599;264 932 грн;Павлоград
Renault Megane2011;https://auto.ria.com/auto_renault_megane_27627991.html;7 600;210 064 грн;Стрый
Renault Megane 1.5 DCI EXPRESSION2011;https://auto.ria.com/auto_renault_megane_27625470.html;7 799;215 252 грн;Винница
Renault Laguna1998;https://auto.ria.com/auto_renault_laguna_27485820.html;3 499;96 817 грн;Дубно
Renault Megane Scenic2006;https://auto.ria.com/auto_renault_megane_scenic_27605738.html;6 400;176 640 грн;Вишневое
Renault Kangoo пасс. 1.42006;https://auto.ria.com/auto_renault_kangoo_pass_27495404.html;4 400;121 704 грн;Киев
Renault Scenic AVTOMAT2013;https://auto.ria.com/auto_renault_scenic_27456800.html;8 999;248 372 грн;Винница
Renault Master груз. MAXI 145DCI2018;https://auto.ria.com/auto_renault_master_gruz_27637239.html;17 200;474 720 грн;Луцк
Renault Duster2017;https://auto.ria.com/auto_renault_duster_27301931.html;15 999;443 012 грн;Житомир
Renault Kangoo пасс.2010;https://auto.ria.com/auto_renault_kangoo_pass_27530011.html;7 100;196 102 грн;Луцк
Renault Megane Scenic2014;https://auto.ria.com/auto_renault_megane_scenic_27627570.html;8 700;240 381 грн;Коломыя
Renault Megane LPG AUTOMAT2007;https://auto.ria.com/auto_renault_megane_27619409.html;5 999;166 112 грн;Луцк
Renault Duster OFFICIAL CHOKOLATE2014;https://auto.ria.com/auto_renault_duster_27605586.html;11 650;322 239 грн;Каменское (Днепродзержинск)
Renault Megane2006;https://auto.ria.com/auto_renault_megane_27590140.html;6 200;171 306 грн;Ужгород
Renault Laguna INITIALE   PARIS2011;https://auto.ria.com/auto_renault_laguna_27560460.html;10 000;276 400 грн;Житомир
Renault Megane2004;https://auto.ria.com/auto_renault_megane_23501942.html;5 099;140 885 грн;Киев
Renault Scenic2007;https://auto.ria.com/auto_renault_scenic_27642499.html;5 000;138 000 грн;Луцк
Renault Laguna   Original Business2011;https://auto.ria.com/auto_renault_laguna_27570063.html;6 999;193 172 грн;Стрый
Renault Megane2011;https://auto.ria.com/auto_renault_megane_27611272.html;8 150;224 940 грн;Винница
Renault Megane BOSE2012;https://auto.ria.com/auto_renault_megane_27637546.html;8 450;233 220 грн;Ровно
Renault Megane LPG2009;https://auto.ria.com/auto_renault_megane_27634820.html;7 150;197 626 грн;Самбор
Renault Megane RLinkFullClimat2015;https://auto.ria.com/auto_renault_megane_27633244.html;9 700;267 817 грн;Днепр (Днепропетровск)
Renault Scenic Mpi2005;https://auto.ria.com/auto_renault_scenic_27631770.html;5 250;145 163 грн;Житомир
Renault Megane Limited2012;https://auto.ria.com/auto_renault_megane_27629235.html;6 999;193 522 грн;Львов
Renault Megane2004;https://auto.ria.com/auto_renault_megane_27628164.html;5 299;146 252 грн;Староконстантинов
Renault Kangoo пасс.2002;https://auto.ria.com/auto_renault_kangoo_pass_27627733.html;3 900;107 835 грн;Калуш
Renault Megane2003;https://auto.ria.com/auto_renault_megane_27481060.html;5 200;143 676 грн;Полтава
Renault Kangoo пасс.2012;https://auto.ria.com/auto_renault_kangoo_pass_27458414.html;7 999;221 332 грн;Киев
Renault Megane 31.12.2014;https://auto.ria.com/auto_renault_megane_27618183.html;9 950;275 516 грн;Черновцы
Renault Megane2007;https://auto.ria.com/auto_renault_megane_27616913.html;6 299;173 852 грн;Днепр (Днепропетровск)
Renault Trafic пасс.2014;https://auto.ria.com/auto_renault_trafic_pass_26061909.html;11 200;309 568 грн;Одесса
Renault Master груз. L1H12015;https://auto.ria.com/auto_renault_master_gruz_27603202.html;12 200;337 574 грн;Бровары
Renault Megane StartStop2012;https://auto.ria.com/auto_renault_megane_27611865.html;7 900;218 356 грн;Коломыя
Renault Scenic 1.6 BENZIN2010;https://auto.ria.com/auto_renault_scenic_27610908.html;7 650;211 370 грн;Луцк
Renault Scenic2010;https://auto.ria.com/auto_renault_scenic_27608844.html;7 900;218 277 грн;Винница
Renault Grand Scenic 2.0 7 mest celaya2005;https://auto.ria.com/auto_renault_grand_scenic_27572086.html;5 850;161 694 грн;Хмельницкий
Renault Trafic груз.2006;https://auto.ria.com/auto_renault_trafic_gruz_27599176.html;6 200;171 678 грн;Харьков
Renault Megane2010;https://auto.ria.com/auto_renault_megane_27469242.html;6 800;187 748 грн;Запорожье
Renault Megane GT  Line2012;https://auto.ria.com/auto_renault_megane_27532788.html;9 199;254 352 грн;Винница
Renault Sandero StepWay 1.5DСi 5МТ (90 л.с.)2020;https://auto.ria.com/newauto/auto-renault-sandero-stepway-1843267.html;16 559;457 000 грн;Черновцы
Renault Master груз.2015;https://auto.ria.com/auto_renault_master_gruz_27639382.html;14 600;402 960 грн;Ровно
Renault Duster 1.5 D MT (110 л.с.) AWD2020;https://auto.ria.com/newauto/auto-renault-duster-1844545.html;22 791;629 000 грн;Житомир
Renault Kadjar 1.5 DCi EDC6 (110 л.с.)2020;https://auto.ria.com/newauto/auto-renault-kadjar-1844127.html;28 655;790 828 грн;Одесса
Renault Master груз. MAXI CLIMA NAVI2016;https://auto.ria.com/auto_renault_master_gruz_27617635.html;14 999;415 322 грн;Бердичев
Renault Trafic груз. Extra2012;https://auto.ria.com/auto_renault_trafic_gruz_27286843.html;8 000;221 280 грн;Киев
Renault Kadjar 1.5 DCi EDC6 (110 л.с.)2020;https://auto.ria.com/newauto/auto-renault-kadjar-1836802.html;30 180;832 900 грн;Черкассы
Renault Grand Scenic Limited2014;https://auto.ria.com/auto_renault_grand_scenic_27640630.html;11 300;311 880 грн;Житомир
Renault Master груз. original probeg2017;https://auto.ria.com/auto_renault_master_gruz_27613777.html;15 350;423 814 грн;Киев
Renault Grand Scenic IDEAL2010;https://auto.ria.com/auto_renault_grand_scenic_27588857.html;7 400;204 684 грн;Калуш
Renault Trafic пасс.2009;https://auto.ria.com/auto_renault_trafic_pass_25603688.html;9 000;248 400 грн;Белая Церковь
Renault Magnum2008;https://auto.ria.com/auto_renault_magnum_27391040.html;22 900;632 040 грн;Львов
Renault Trafic пасс. LONG ORIGINAL2014;https://auto.ria.com/auto_renault_trafic_pass_27597627.html;13 777;380 245 грн;Хмельницкий
Renault Kadjar 1.5 DCi EDC6 (110 л.с.)2020;https://auto.ria.com/newauto/auto-renault-kadjar-1844404.html;28 550;787 921 грн;Николаев
Renault Trafic пасс. Passenger2007;https://auto.ria.com/auto_renault_trafic_pass_27620260.html;9 800;270 970 грн;Киев
Renault Zoe2015;https://auto.ria.com/auto_renault_zoe_27581446.html;11 300;312 219 грн;Киев
Renault Megane Scenic2012;https://auto.ria.com/auto_renault_megane_scenic_27635234.html;9 050;250 142 грн;Запорожье
Renault Megane2006;https://auto.ria.com/auto_renault_megane_26952390.html;5 300;146 280 грн;Хмельницкий
Renault Laguna2009;https://auto.ria.com/auto_renault_laguna_27526055.html;6 750;186 570 грн;Стрый
Renault Magnum2007;https://auto.ria.com/auto_renault_magnum_27502970.html;10 800;298 512 грн;Кривое Озеро
Renault Duster 1.5 D MT (110 л.с.) AWD2020;https://auto.ria.com/newauto/auto-renault-duster-1843859.html;24 967;689 035 грн;Черкассы
Renault Trafic пасс.2008;https://auto.ria.com/auto_renault_trafic_pass_27611666.html;9 000;248 940 грн;Покровск (Красноармейск)
Renault Magnum2005;https://auto.ria.com/auto_renault_magnum_27590187.html;12 000;332 160 грн;Вольногорск
Renault Grand Scenic B2011;https://auto.ria.com/auto_renault_grand_scenic_22960264.html;7 900;218 356 грн;Львов
Renault Megane 78KW2007;https://auto.ria.com/auto_renault_megane_27635067.html;4 499;124 307 грн;Луцк
Renault Scenic2007;https://auto.ria.com/auto_renault_scenic_27391893.html;5 999;165 812 грн;Винница
Renault Megane2013;https://auto.ria.com/auto_renault_megane_27130692.html;8 570;236 875 грн;Винница
Renault Scenic 1.6 Gaz benzin2008;https://auto.ria.com/auto_renault_scenic_27614606.html;6 400;176 640 грн;Белая Церковь
